year,D,D.lcl,D.ucl,N,N.lcl,N.ucl
2016,34.41914393341873,28.697691674475323,41.28128082730385,110.51401201296012,92.14340277004611,132.54716544037808
2017,33.250640069437424,28.845662041093973,38.328295722671086,106.76214501966638,92.61851042832166,123.06563295488773
2018,32.12180602649468,28.558666920739963,36.129502307211176,103.13765106874952,91.69701795193066,116.0056815975787
2019,31.03129504421625,27.57648264240048,34.918930184396345,99.63620594190633,88.54339143102351,112.11874058643356
2020,29.977806083722246,25.976906282972706,34.5949147217085,96.25363222476882,83.40742403615143,111.07838209276686
2021,28.960082275417392,24.110406232822584,34.7852440684804,92.98589432302296,77.4144101086841,111.68949722556206
