year,D,D.se,D.lcl,D.ucl,D.lcl90,D.ucl90,N,N.se,N.lcl,N.ucl,N.lcl90,N.ucl90
2016,31.951144124895766,1.86952616955097,28.492032953051446,35.830213048399806,28.875773575984418,35.026514673807114,102.58968475442336,6.002730281728349,91.48306762475679,115.04471473542745,92.71519344098022,112.46417606786649
2017,31.951144124895766,1.86952616955097,28.492032953051446,35.830213048399806,28.875773575984418,35.026514673807114,102.58968475442336,6.002730281728349,91.48306762475679,115.04471473542745,92.71519344098022,112.46417606786649
2018,31.951144124895766,1.86952616955097,28.492032953051446,35.830213048399806,28.875773575984418,35.026514673807114,102.58968475442336,6.002730281728349,91.48306762475679,115.04471473542745,92.71519344098022,112.46417606786649
2019,31.951144124895766,1.86952616955097,28.492032953051446,35.830213048399806,28.875773575984418,35.026514673807114,102.58968475442336,6.002730281728349,91.48306762475679,115.04471473542745,92.71519344098022,112.46417606786649
2020,31.951144124895766,1.86952616955097,28.492032953051446,35.830213048399806,28.875773575984418,35.026514673807114,102.58968475442336,6.002730281728349,91.48306762475679,115.04471473542745,92.71519344098022,112.46417606786649
2021,31.951144124895766,1.86952616955097,28.492032953051446,35.830213048399806,28.875773575984418,35.026514673807114,102.58968475442336,6.002730281728349,91.48306762475679,115.04471473542745,92.71519344098022,112.46417606786649
