year,D,D.se,D.lcl,D.ucl,N,N.se,N.lcl,N.ucl
2016,26.641937634538323,3.7094321593088884,20.305750142886136,34.9552632100763,85.54272649800488,11.91035520837269,65.19830706899833,112.23539974693534
2017,29.52718653115545,3.754457559389621,23.036860160899316,37.846075305238664,94.8067695502649,12.054924103375889,73.96743642106135,121.51730528270299
2018,34.40315383694457,3.9272149550752493,27.526156803742154,42.998265336030066,110.46267053516938,12.609618692499359,88.38180373003921,138.06011041630467
2019,34.54392417283381,4.187104218632067,27.26293726897007,43.76941066495628,110.9146601204312,13.444078876933837,87.53665061164327,140.53612679572265
2020,35.03653455380594,4.381672211384303,27.446219801786768,44.72596818087579,112.49634819686253,14.06880358042888,88.12513962440467,143.6074701449329
2021,32.02782255363934,4.81308542041196,23.895924127227435,42.92704530136231,102.8358861361804,15.453997955316884,76.72574457882199,137.83143500874485
