estimate,SE.estimate,lcl,ucl,ucl90,lcl90
1.0079247613891387,0.01052186184335013,0.9875118308519115,1.0287596491324462,0.9906162986568277,1.0252332241214497
