ageclass,param,median.boot,sd.boot,lower,upper
>6,reproduction,0.23484848484848486,0.05282917321797168,0.15151515151515152,0.3257575757575758
5-6,reproduction,0.15384615384615385,0.09822879260328368,0,0.3076923076923077
